{"cameraMode":{"drawMode":0,"name":"Shaded","section":"Shading Mode"},"sceneLighting":true,"audioPlay":false,"sceneViewState":{"m_AlwaysRefresh":false,"showFog":true,"showSkybox":false,"showFlares":true,"showImageEffects":true,"showParticleSystems":true,"showVisualEffectGraphs":true,"m_FxEnabled":true},"in2DMode":false,"pivot":{"x":18.107332229614259,"y":0.664453387260437,"z":-24.574554443359376},"rotation":{"x":-0.07297542691230774,"y":0.8010801076889038,"z":-0.10348732769489289,"w":-0.5857745409011841},"size":1.1320538520812989,"orthographic":false}